company,domain,tier,owner,status,notes
"Fernhill",fernhill.example,1,Marco Silva,customer,"customer since 2026-02; reference account, case study in progress"
"Tidepool",tidepool.example,1,Marco Silva,engaged,"design tool, 220 people; trial workspace since 2026-09-14"
"Lattice Lane",latticelane.example,1,Marco Silva,engaged,"collaboration, 140 people; demo booked after the comparison page"
"Quillwork",quillwork.example,1,Marco Silva,engaged,"docs tool, 310 people; on Northstar, renewal in January"
"Brightloom",brightloom.example,1,Lena Fischer,engaged,"whiteboard tool; Head of Support attended the August office hours"
"Kestrel Labs",kestrel.example,1,Marco Silva,engaged,"developer tools, 95 people; two-hour outage in September"
"Copperline",copperline.example,1,Lena Fischer,prospect,"API platform, 180 people; status page on Northstar"
"Mosaic Board",mosaicboard.example,1,Lena Fischer,prospect,"project boards, 260 people"
"Harbor Notes",harbornotes.example,1,Lena Fischer,prospect,"meeting notes, 75 people; incident in August, public postmortem"
"Pinegrid",pinegrid.example,1,Lena Fischer,prospect,"spreadsheet tool, 340 people"
"Swatchbook",swatchbook.example,1,Lena Fischer,prospect,"design systems tool, 120 people"
"Relay Forms",relayforms.example,1,Lena Fischer,prospect,"form builder, 160 people; on Pagewise"
"Orbit CI",orbitci.example,1,Marco Silva,prospect,"CI service, 210 people; three incidents this quarter"
"Fieldkit",fieldkit.example,1,Lena Fischer,prospect,"prototyping tool, 85 people"
"Northgate Docs",northgatedocs.example,1,Lena Fischer,prospect,"API docs platform, 110 people"
"Paperplane",paperplane.example,1,Lena Fischer,prospect,"team chat, 450 people; support team of 30"
"Gridline",gridline.example,1,Lena Fischer,prospect,"design handoff, 70 people"
"Loomwright",loomwright.example,1,Lena Fischer,prospect,"video review tool, 130 people"
"Stackhouse",stackhouse.example,1,Marco Silva,prospect,"feature flags, 190 people; on Northstar"
"Canvasly",canvasly.example,1,Lena Fischer,prospect,"presentation tool, 280 people"
"Bramble",bramble.example,1,Lena Fischer,prospect,"roadmap tool, 60 people"
"Inkpot",inkpot.example,1,Lena Fischer,prospect,"illustration tool, 150 people; on Pagewise"
"Signalpath",signalpath.example,1,Marco Silva,prospect,"log search, 230 people"
"Tessellate",tessellate.example,1,Lena Fischer,prospect,"3D design, 170 people"
"Wavelength",wavelength.example,1,Lena Fischer,prospect,"customer feedback board, 90 people"
"Patchwork",patchwork.example,1,Lena Fischer,prospect,"wiki, 380 people; two regions"
"Ferrous",ferrous.example,1,Marco Silva,prospect,"database hosting, 140 people; incident in September"
"Corkboard",corkboard.example,1,Lena Fischer,prospect,"team planning, 55 people"
"Driftwood",driftwood.example,1,Lena Fischer,prospect,"mobile design tool, 100 people"
"Lanternfish",lanternfish.example,1,Lena Fischer,lost,"chose Pagewise in August on price; revisit at their next incident"
"Ridgeline",ridgeline.example,1,Marco Silva,prospect,"code review tool, 240 people"
