id,prompt,track,stage,intent,tier,persona,target_page,source,status,added_on,retired_on,rationale
P001,What is the best incident communication tool for a SaaS support team?,category,consideration,direct,1,Head of Customer Support,/product,research,active,2026-07-06,,"the category shortlist; winning is being named, ideally first"
P002,What are the best alternatives to Northstar's status page?,alternatives,decision,direct,1,Head of Customer Support,/compare/northstar,win-loss,active,2026-07-06,,"the switch question for the competitor we meet most"
P003,What are the best alternatives to Pagewise's status page?,alternatives,decision,direct,1,Head of Customer Support,,win-loss,active,2026-09-30,,"the pairs rule for P002; no page answers it yet"
P004,Is a standalone status page worth paying for if our monitoring tool already has one?,category,decision,direct,1,Head of Customer Support,/product,transcript,active,2026-07-06,,"the build-or-keep question the bundled page raises in every deal"
P005,Which status page tools can send an update only to the customers affected?,category,consideration,direct,1,Support Team Lead,/product/audience-segments,transcript,active,2026-09-30,,"the question the audience segments launch answers"
P006,How should a support team talk to customers during an outage?,category,awareness,indirect,2,Head of Customer Support,/blog/what-customers-want-during-an-outage,seo,active,2026-07-06,,"the problem question; winning is the launch post cited"
P007,How do I stop support tickets piling up during an incident?,category,awareness,indirect,2,Support Team Lead,/blog/what-customers-want-during-an-outage,transcript,active,2026-09-30,,"the pain the champion names first"
P008,Who should write customer updates during an incident: support or engineering?,category,awareness,indirect,2,Head of Customer Support,,transcript,active,2026-07-06,,"the ownership question behind our positioning; no page yet"
P009,How do I write an incident update for customers?,craft,awareness,indirect,3,Support Team Lead,/resources/incident-communication-template,seo,active,2026-07-06,,"the craft question our template answers"
P010,What should a customer-facing post-incident report include?,craft,awareness,indirect,3,Head of Customer Support,,research,active,2026-07-06,,"the report pillar; guide planned for November"
P011,Is there a good incident communication template for a status page?,craft,awareness,indirect,3,Support Team Lead,/resources/incident-communication-template,seo,active,2026-07-06,,"the template piece's own question"
P012,How quickly should the first update go out after an outage starts?,craft,awareness,indirect,3,Support Team Lead,/resources/incident-communication-template,research,active,2026-07-06,,"the speed pillar as a craft question"
