keyword,rank,url
"status page software",8,/product
"incident communication template",3,/resources/incident-communication-template
"status page for saas",12,/product/saas
"customer communication during outage",4,/blog/what-customers-want-during-an-outage
"northstar alternative",9,/compare/northstar
"pagewise alternative",,
"support tickets during an outage",18,/blog/what-customers-want-during-an-outage
"post incident report template",,
"incident update template",6,/resources/incident-communication-template
"beacon status page",1,/
